{
    "Root Mean Squared Error": 0.6815953837475259,
    "Mean Absoulte Error": 0.5526613576286267,
    "r2_score": 0.23810118426393834
}