{
    "Root Mean Squared Error": 0.7006226596969968,
    "Mean Absoulte Error": 0.5493993168150404,
    "r2_score": 0.33296215039063215
}