{
    "Root Mean Squared Error": 0.7017632862208377,
    "Mean Absoulte Error": 0.5601001707461386,
    "r2_score": 0.23569107165085068
}